address,area,desc,name,phone,room,status,unit
"[中环以外]吴中子胥路北侧,孙武路东侧",93~106平米,"普通住宅,品牌地产,小户型,地铁沿线",旭辉公元系萃庭,400-890-0000 转 899796,3居,待售,价格待定广告
[请选择]新区文昌路与大同路交汇处,98~141平米,"普通住宅,品牌地产",旭辉宽阅雅苑,400-890-0000 转 872252,3居/4居,待售,24000元/㎡起广告
[中环]相城青龙港路与相城大道交汇处,96~140平米,"普通住宅,品牌地产",美的云筑,400-890-0000 转 890062,3居/4居,待售,价格待定
[请选择]吴江东太湖大道与夏蓉街交汇处往南150米,130~143平米,"别墅,品牌地产",半岛印象花园,400-890-0000 转 873610,4居,待售,价格待定
[中环以外]吴江华盛大道与华天路交汇处,90~125平米,"普通住宅,品牌地产",万和悦花园,400-890-0000 转 895830,3居/4居,待售,8990元/㎡
[内环]吴中枫瑞路89号,117~170平米,"普通住宅,品牌地产",长枫雅苑,400-890-0000 转 890057,3居/4居,待售,价格待定
[请选择]相城黄桥街道华元路北、旺湖路西(黄桥中心幼儿园西约200米),95~208平米,"普通住宅,低密居所,公园地产",东原千浔,400-890-0000 转 809573,3居/4居,待售,25000元/㎡起
[中环]相城康元路1188号(近相城大道),95~120平米,"普通住宅, 花园洋房,品牌地产",东原阅境,400-890-0000 转 898552,3居/4居,待售,24500元/㎡
[中环]吴江太湖新城中心区秋枫街以东、庞杨路以北门牌号666号,,"普通住宅, 花园洋房,品牌地产",新希望锦麟云境,400-890-0000 转 840210,新希望锦麟云境示范区将于6月9日公开,待售,价格待定
[请选择]新区中环西线与通浒路交汇处(浒墅关大润发北面),89~140平米,"普通住宅, 大平层,品牌地产",首开金茂熙悦,400-890-0000 转 865003,3居/4居,待售,24000元/㎡
[请选择]吴江梅石路与体育路交汇处(吴江公园西南约1000米),128~220平米,"普通住宅,品牌地产",吴江鑫控锦源,400-890-0000 转 836691,3居/4居/5居,待售,360万元/套起
[请选择]相城望亭镇鹤溪路与光明街交汇处,88~109平米,"普通住宅, 花园洋房,品牌地产,低总价",禹洲嘉荟星岛,400-890-0000 转 875069,2居/3居,待售,16500元/㎡起
[请选择]吴江东太湖大道9999号,60~220平米,"商住楼,品牌地产",绿地太湖东岸花园,400-890-0000 转 802134,1居/2居/4居,待售,20000元/㎡起
吴江经济技术开发区江陵东路689号,92~129平米,普通住宅,千邑悦庭,400-890-0000 转 809654,3居/4居,待售,16500元/㎡
[请选择]吴中金鸡湖大道东与重村北路交汇处(宏润大厦西1000米),93~115平米,"普通住宅, 花园洋房,品牌地产,湖景地产",阳光城丽景湾,400-890-0000 转 804297,3居,待售,11500元/㎡
园区独墅湖高教区林泉街东(海德公园小区接待会馆),84~170平米,"普通住宅,教育地产",建屋海德公园,400-890-0000 转 656278,2居/3居/4居,待售,价格待定往期24500元/㎡
[中环]新区白马涧·华山路与建林路交汇处东300米,123~191平米,"联排, 花园洋房,品牌地产",龙湖中锐景粼天著花园,400-890-0000 转 897337,4居/5居,待售,23000元/㎡起
[请选择]吴江开平路与夏蓉街交汇口(新城吾悦广场对面),110~141平米,"普通住宅,品牌地产",苏州湾天铂,400-890-0000 转 836873,4居,待售,14000元/㎡
[请选择]吴中蒯祥路与梅舍路交汇处(环太湖大道北侧500米),95~140平米,"普通住宅,湖景地产,旅游地产",华丽家族太湖汇景,400-890-0000 转 810262,3居/4居,待售,价格待定往期11002元/㎡
[请选择]吴中金鸡湖大道与长虹北路交汇处(和成卫浴东边),,"普通住宅,品牌地产",南山维拉,400-890-0000 转 816780,南山维拉2021年交房,待售,15000元/㎡起
[请选择]吴江中山南路和芦荡路交汇处向东200米,89~135平米,"普通住宅,品牌地产",尚林华庭,400-890-0000 转 866605,3居,在售,18500元/㎡
[请选择]吴江江厍路与苏州河路交汇处,116~162平米,"普通住宅,品牌地产",银城万科苏河湾,400-890-0000 转 861057,3居/4居,在售,22000元/㎡起
[请选择]相城湘州路8号,116~156平米,"别墅,品牌地产",湖畔樾山-樾山,400-890-0000 转 843639,4居,在售,15000元/㎡
[请选择]吴中金鸡湖大道向东6公里,110~130平米,"普通住宅,品牌地产",旭辉和庭,400-890-0000 转 884617,3居,在售,价格待定周边18625元/㎡
[请选择]园区共耀路与星体街交汇处(苏州奥体中心东侧),,"普通住宅,品牌地产",共耀路68号,400-890-0000 转 869836,共耀路68号2019年5月加推,在售,40000元/㎡
[请选择]晨丰路和新城南路交汇处,93~112平米,"普通住宅,品牌地产,国际化社区",印象花园,400-890-0000 转 816262,3居,在售,14000元/㎡
[请选择]吴中吴郡路318号,89~173平米,"普通住宅,品牌地产",建屋吴郡半岛,400-890-0000 转 833430,2居/3居/4居,在售,21000元/㎡起
[请选择]吴江江陵西路东段(江陵西路与中山北路交叉口),95~288平米,"普通住宅, 花园洋房,小户型",海亮长桥府,400-890-0000 转 627295,3居/4居/5居,在售,18000元/㎡起
[中环]园区万寿街88号,,"普通住宅, 叠拼,品牌地产",中国铁建花语江南,400-890-0000 转 818578,中国铁建花语江南具体开盘时间待定,在售,价格待定
[请选择]吴中玉山路866号(寿桃湖对面),141~167平米,"别墅,湖景地产,宜居生态地产",中航樾园,400-890-0000 转 830646,4居,在售,23000元/㎡起
[请选择]吴中迎春南路168号,71~140平米,"普通住宅,品牌地产",宝韵铂宫,400-890-0000 转 873700,1居/2居/3居/4居,在售,16000元/㎡起
[请选择]吴中木渎金枫路与金长路交汇处(科技创业园西500米),92~139平米,"普通住宅,品牌地产,现房",天地源拾锦香都,400-890-0000 转 831599,3居/4居,在售,价格待定往期22000元/㎡
[请选择]园区八达街99号(星湖街和创苑路交汇处),148~240平米,"普通住宅,湖景地产",月亮湾3号三期,400-890-0000 转 833242,4居/5居以上,在售,33500元/㎡
[请选择]吴江七都镇庙港社区沿湖路48号(好运来超市向西1000米),125~138平米,"普通住宅,现房,宜居生态地产",南港悦府,400-890-0000 转 836450,3居,在售,7200元/㎡起
[请选择]新区天佑路与科广路交汇处,95~120平米,"普通住宅,品牌地产",望云山花园,400-890-0000 转 862803,3居/4居,在售,26000元/㎡
[中环]吴中塔韵路东侧、天颜路北侧天颜路8号,,"普通住宅,品牌地产",金融街融悦湾,400-890-0000 转 804918,金融街融悦湾预计2019年6月,在售,价格待定
[请选择]相城金砖路与聚茂路交汇处(繁花中心北侧约1.5公里),89~144平米,"普通住宅,复合地产",水漾花城花苑,400-890-0000 转 652737,3居/4居,在售,20000元/㎡
[请选择]姑苏劳动路与胥台路交汇处(轨交2号线劳动路站往西约500米),105~220平米,"普通住宅,江景地产,不限购",江湾雅园,400-890-0000 转 831628,3居/4居,在售,34000元/㎡起
[请选择]园区石莲街2号,,"别墅,品牌地产,豪华居住区,特色别墅",世茂铜雀台别墅,400-890-0000 转 805134,5居以上,在售,价格待定往期34700元/㎡
[请选择]相城凤湖路8号,89~131平米,"普通住宅,品牌地产",禹洲招商拾鲤,400-890-0000 转 842112,3居/4居,在售,15000元/㎡
[请选择]吴中金庭镇林屋路268号(西山岛林屋洞景区旁),60~110平米,"别墅,品牌地产",雁归来院,400-890-0000 转 872375,2居/3居,待售,价格待定
[请选择]相城望亭镇问渡路与迎湖路交叉口(交警中队对面),,"普通住宅, 商住公寓,江景地产",华园丽都阳光,,华园丽都阳光目前尾盘住宅房源在售面积89-223㎡,待售,
[中环]园区金鸡湖大道与星塘街交汇处,,"普通住宅,品牌地产",泊云庭,400-890-0000 转 899792,泊云庭预计7月份首次开盘,待售,价格待定
[请选择]相城御窑路和兴盛路交汇口(万科北辰之光北340米),89~124平米,"普通住宅,水景地产",嘉境天成,400-890-0000 转 831236,3居,待售,21000元/㎡起
[请选择]吴中胥口镇胥欣路221号(胥口公园对面),84~269平米,"别墅,水景地产,低密居所",胥江一号别墅,400-890-0000 转 624349,2居/3居/4居,待售,15000元/㎡起
[请选择]姑苏人民路与城北东路交汇处(平江万达斜对面),49~81平米,"普通住宅, 商住公寓,地铁沿线,loft",苏州星健中心,400-890-0000 转 841892,1居/2居,待售,12000元/㎡起
[中环以外]吴江江陵东路与运东大道交汇处,108平米,"普通住宅, 叠拼,品牌地产",翡翠公园,400-890-0000 转 822044,3居,待售,209万元/套起
[中环]吴江运东大道111号,99~140平米,"普通住宅,品牌地产",大运河府,400-890-0000 转 884499,3居/4居,待售,价格待定
姑苏桐泾路西、劳动路南(农业银行斜对面),105~165平米,"普通住宅,湖景地产",海胥澜庭,400-890-0000 转 831147,2居/3居/4居,待售,36000元/㎡
[请选择]吴中东安路与郭新东路交汇处,160平米,"普通住宅,品牌地产,湖景地产",尹山湖景花园,400-890-0000 转 833654,4居,待售,25000元/㎡
[中环]吴江运河北路与吉市西路交叉口,83~89平米,"普通住宅, 花园洋房,品牌地产",四季春晓,400-890-0000 转 891189,2居/3居,待售,价格待定
[请选择]吴江中山南路与龙河路交叉口以东,,"普通住宅,品牌地产",中海富仕居,400-890-0000 转 878772,中海富仕居115㎡新房源即将加推,待售,价格待定往期18214元/㎡
吴中环湖路西通达路东侧(近运动公园),,"普通住宅, 花园洋房,品牌地产,低密居所",九龙仓碧堤半岛,400-890-0000 转 861400,九龙仓碧堤半岛将预计6月份加推别墅产品,待售,价格待定往期18692元/㎡
[请选择]吴中东方大道与郭新东路交汇处,115~250平米,"普通住宅,品牌地产",泰禾金尊府,400-890-0000 转 842089,3居/4居/5居,待售,28000元/㎡
[请选择]园区星湖街与唯澄路交汇处往东500米,143~165平米,"大平层,品牌地产,低密居所,豪华居住区",中海上园湾,400-890-0000 转 898779,4居,待售,价格待定
[中环]相城富元路地铁站旁,95~143平米,"普通住宅, 花园洋房,品牌地产,地铁沿线",苏州紫郡兰园,400-890-0000 转 893984,3居/4居,待售,26000元/㎡起
"[请选择]相城澄云路西,蠡塘河路南",130~170平米,"普通住宅, 叠拼,复合地产",雅居乐新乐府,400-890-0000 转 840738,4居/5居,待售,22000元/㎡起
[内环]姑苏人民路和莲升路交汇处向西50米,23~75平米,"酒店式公寓, 酒店写字楼,品牌地产",阳光城平江悦,400-890-0000 转 845650,1居/2居/4居,待售,18500元/㎡
[中环以外]吴江松陵大道庞杨路交汇处,,"普通住宅,品牌地产",中南紫云集,400-890-0000 转 898895,中南紫云集处于松陵大道庞杨路交汇处,待售,价格待定
[内环]姑苏人民路8号,120~142平米,"别墅,品牌地产,花园洋房",朗诗玻纤路588号,400-890-0000 转 888427,3居/4居,待售,36500元/㎡
[内环]姑苏人民路8号,120~142平米,"别墅,品牌地产,花园洋房",朗诗玻纤路588号,400-890-0000 转 888427,3居/4居,在售,36500元/㎡
[请选择]园区青剑湖夷浜路88号(科技城邻里中心东),,"普通住宅,科技住宅",建屋天著,400-890-0000 转 823278,建屋天著预计后期推出别墅、小高层房源,在售,价格待定往期25000元/㎡
[请选择]吴江盛泽镇白龙桥路与秋泽路交汇处(盛泽第二中学东约300米),,"普通住宅,小户型,花园洋房",荷塘月苑,400-890-0000 转 817642,荷塘月苑预计2019年7月加推三期新房源,在售,价格待定往期9000元/㎡
[中环]新区真北路与真山路交汇处,89~146平米,"普通住宅, 花园洋房,品牌地产,低总价",禹洲嘉誉山,400-890-0000 转 866256,3居/4居,在售,17800元/㎡起
[请选择]吴中独墅湖西怡湖路南(独墅湖实验小学东约700米),110~246平米,"普通住宅,湖景地产",华润金悦湾,400-890-0000 转 830255,3居/4居/5居/5居以上,在售,23000元/㎡起
[请选择]吴江东方大街2号(德尔路与目澜路交汇处),95~128平米,"联排, 普通住宅,宜居生态地产",绿地林肯公馆,400-890-0000 转 612788,3居/4居,在售,9500元/㎡
[请选择]姑苏广济北路、合兴路向东400米,,"普通住宅,品牌地产",浅棠平江花园,400-890-0000 转 877443,浅棠平江花园108-185㎡即将公开,在售,35500元/㎡
[请选择]吴江汾湖镇黎里黎民北路277号,92~115平米,"普通住宅,低总价,小户型",南湖景苑,400-890-0000 转 842501,2居/3居,在售,9800元/㎡起
[请选择]吴中香山路与蒯祥路交汇处(太湖度假区管委会旁),65~125平米,"普通住宅,品牌地产",蔚蓝四季花园,400-890-0000 转 860217,1居/2居/3居/4居,在售,18500元/㎡
[请选择]相城华元路与织锦路交叉路口,90~130平米,"普通住宅,水景地产,地铁沿线,打折优惠楼盘",水韵花都幸福里,400-890-0000 转 890600,2居/3居,在售,23000元/㎡
[请选择]相城润元路与齐门北大街交汇处,115~290平米,"普通住宅,水景地产,宜居生态地产",姑苏铭著,400-890-0000 转 821011,3居/5居/5居以上,在售,430万元/套起
[请选择]吴中独墅湖生态公园南50米(东方大道与赏湖路交汇处),130~480平米,"联排, 普通住宅,湖景地产",建发独墅湾雅苑,400-890-0000 转 832804,3居/4居,在售,530万元/套
[中环以外]吴江中山南路与芦荡路交汇处,,"普通住宅,品牌地产",新希望锦麟九里,400-890-0000 转 891300,新希望锦麟九里项目样板间已公开，开盘在即,在售,价格待定
[中环]园区东兴路宏业路处,125~183平米,"普通住宅,品牌地产",星翠澜庭,400-890-0000 转 884729,3居/4居,在售,价格待定
[请选择]新区武夷山路与富春江路交汇处(朗诗绿洲东侧),176~199平米,"联排, 普通住宅,低密居所",景瑞无双,400-890-0000 转 802655,5居/5居以上,在售,550万元/套起
[请选择]吴江北麻漾西新中路与永宁路交汇处,102~129平米,"联排, 普通住宅,品牌地产",悦隽花园,400-890-0000 转 874951,3居/4居,在售,9800元/㎡起
[中环]吴江吉市西路与运东大道交叉口,98~120平米,"普通住宅,品牌地产",联发棠颂,400-890-0000 转 894890,3居/4居,在售,20000元/㎡
[请选择]相城南天成路与澄阳路交汇处(高铁新城核心区),105~155平米,"普通住宅,品牌地产",MOC芯城汇星昱未来,400-890-0000 转 881599,3居/4居,在售,27000元/㎡
[请选择]吴中竹园路与中环西线交汇处(地铁1号线金枫路地铁口向西200米),118~330平米,"普通住宅,品牌地产",国瑞熙墅,400-890-0000 转 839063,3居,在售,400万元/套起
[请选择]新区凤凰峰路与石林路交汇处,145~280平米,"普通住宅, 叠拼,品牌地产",大象山舍,400-890-0000 转 876818,2居/4居,在售,价格待定
[中环]吴中郭新东路与东安路交汇处,48~70平米,"SOHO,品牌地产",保利悦都soho,400-890-0000 转 827110,1居/2居,在售,15000元/㎡
[中环]新区狮山街道珠江路与金山东路交叉口,129~180平米,"别墅,品牌地产",山水樾澜庭,400-890-0000 转 896727,3居/4居,在售,价格待定
[请选择]吴江中山南路与庞杨路交汇处(吴江新体育场对面),,"普通住宅,复合地产",璀璨四季花园,400-890-0000 转 831348,璀璨四季花园价格待定,在售,价格待定往期14500元/㎡
"[请选择]吴江长板路1号(长安路东侧,紧邻吴江汽车站)",101~230平米,"普通住宅,地铁沿线",苏高新地产天城花园,400-890-0000 转 663158,2居/3居/4居/5居,在售,14000元/㎡
"吴江顾家荡路南,高新路北(湖光路两侧)",,"普通住宅,经济住宅, 			
					,苏州湾实验小学,
										 
				",苏州湾景苑,400-890-0000 转 806494,苏州湾景苑价格待定,在售,价格待定往期18000元/㎡
[请选择]相城青龙港路18号(青龙港路与修远路交汇处、苏大实验学校正对面),291~323平米,"普通住宅, 花园洋房,品牌地产",建发泱誉雅苑,400-890-0000 转 842357,4居,在售,600万元/套
[请选择]相城相城大道西建元路北(地铁2号线蠡口站斜对面),143~160平米,"普通住宅, 花园洋房,地铁沿线",中粮朝阳河花苑,400-890-0000 转 833410,4居/5居,在售,21000元/㎡
[请选择]新区松花江路933号(浒光运河西),96~143平米,"普通住宅,宜居生态地产",虹锦湾,400-890-0000 转 618945,3居/4居,在售,18000元/㎡
[请选择]吴江中山路与江陵西路交界处,92~139平米,普通住宅,逸品阁繁华里,400-890-0000 转 800388,2居/3居/4居,在售,15000元/㎡
[请选择]吴中吴中大道1001号(友新高架西侧),90~265平米,"普通住宅,湖景地产",水岸清华瀚宫,400-890-0000 转 627576,3居/4居/5居,在售,24500元/㎡起
"[请选择]吴中星港街南,怡湖路与墅浦路交汇处(独墅湖实验小学东侧)",127~138平米,"普通住宅, 花园洋房,品牌地产",独墅湖西金悦花园,400-890-0000 转 866525,3居/4居,在售,25000元/㎡
[请选择]姑苏南门路与内马路交汇处(人民桥东侧),148~286平米,"普通住宅,江景地产,不限购",南门世家,400-890-0000 转 826061,3居/5居/5居以上,在售,31000元/㎡
[请选择]吴中金枫路与竹窝路交叉口,97~134平米,普通住宅,姑苏金茂悦,400-890-0000 转 827009,3居/4居,在售,25500元/㎡
[请选择]吴中吴中大道与长蠡路交汇处(地铁4号线蠡墅站),95~161平米,"普通住宅,湖景地产",鲁能公馆,400-890-0000 转 819636,3居/4居,在售,28000元/㎡
[请选择]新区嘉陵江路和武夷山路交汇(科技城医院东),95~165平米,"普通住宅, 叠拼,品牌地产",合著花园,400-890-0000 转 865309,3居/4居,在售,33000元/㎡
[请选择]相城太东路与聚金路交汇处(东宝盛世商业广场旁300米),131平米,"普通住宅,小户型",卓兴澜庭,400-890-0000 转 818082,4居,在售,15000元/㎡起
[请选择]吴江吴江经济开发区江陵东路与庞北路交汇处,98~135平米,"普通住宅,品牌地产",璀璨绿翠花园,400-890-0000 转 823506,3居/4居,在售,18500元/㎡
[请选择]园区苏州中心体验馆公寓区(苏绣路与星阳街交汇处),58~130平米,"商住楼,国际化社区,豪华居住区,湖景地产",苏州中心9号,400-890-0000 转 822737,1居/2居,在售,45000元/㎡起
[请选择]吴江同里镇同肖西路299路(肖西路与迎燕西路交汇处),136~365平米,"别墅,特色别墅",中粮本园,400-890-0000 转 612835,3居/4居/5居,在售,26500元/㎡
[请选择]姑苏江坤路138号(总官堂路与江坤路交汇处),30平米,"标准写字楼,不限购,酒店式公寓",亿博青春汇,400-890-0000 转 827439,1居,在售,12000元/㎡起
[请选择]姑苏江坤路138号(总官堂路与江坤路交汇处),30平米,"标准写字楼,不限购,酒店式公寓",亿博青春汇,400-890-0000 转 827439,1居,在售,12000元/㎡起
[请选择]吴中经济开发区郭新东路南侧、尹山湖路西侧,50平米,"购物中心,经济住宅,湖景地产",阳光天地商业广场,400-890-0000 转 695697,1居,在售,15000元/㎡起
[请选择]姑苏玻纤路南北两侧,115~140平米,"普通住宅, 花园洋房,品牌地产",姑苏樾,400-890-0000 转 875516,3居,在售,38000元/㎡
[请选择]吴中长江南路与七子路交叉处,114~142平米,"联排, 普通住宅,品牌地产",尼盛绿城春江明月,400-890-0000 转 833736,3居/4居,在售,19000元/㎡
[请选择]吴江镇南一路与永宁路交叉口(实验小学东校区旁),132~167平米,"普通住宅,花园洋房",悦湖美郡,400-890-0000 转 812014,4居,在售,8600元/㎡起
[请选择]吴中临湖镇银藏路北(禾盛花苑东侧),86~130平米,"普通住宅,品牌地产",花漫四季花园,400-890-0000 转 840624,3居/4居/5居,在售,14000元/㎡起
[请选择]姑苏桐泾南路与胥江路交汇处,,"普通住宅, 叠拼,品牌地产,地铁沿线",华发公园首府,400-890-0000 转 847382,华发公园首府目前暂未开盘,在售,价格待定周边31700元/㎡
[请选择]吴中临湖镇东山大道和渡村路的交汇处,88~110平米,"普通住宅,品牌地产",金辉悠步临湖,400-890-0000 转 840790,2居/3居/4居,在售,15000元/㎡
[请选择]吴江长板路1号(长安路东侧),20~37平米,"商住楼,品牌地产",万科苏高新四季风景商业广场,400-890-0000 转 864460,1居,在售,10000元/㎡
[请选择]园区阳澄湖半岛(国家级旅游度假区),86~116平米,"别墅,湖景地产",华谊兄弟艺术家村,400-890-0000 转 820931,3居,在售,21000元/㎡起
[请选择]园区翠园路与华池路交汇处(工业园区管委会西边),92~253平米,"酒店式公寓, 酒店写字楼,水景地产",九龙仓苏州国际金融中心,400-890-0000 转 836373,1居/2居/3居,在售,45000元/㎡
[请选择]吴江松陵大道与芦荡路交汇处(北外附属苏州湾外国语学校向东200米,,"普通住宅,宜居生态地产",朗诗滨湖绿郡花园,400-890-0000 转 892249,朗诗滨湖绿郡花园价格待定,在售,价格待定往期17500元/㎡
[请选择]相城澄阳路与南天成路交叉口(苏州北站向东200米),32~63平米,"商住楼,品牌地产",MOC芯城汇商办芯汇湖商务中心,400-890-0000 转 842498,1居,在售,14000元/㎡起
[中环]吴江庞杨路1939号,97~142平米,"普通住宅, 花园洋房,花园洋房",缤纷桃李花园,400-890-0000 转 883820,3居/4居,在售,价格待定
园区白塘路1号(南施街、沈浒路交汇处),,"普通住宅,复合地产,地铁沿线,打折优惠楼盘",白塘壹号,400-890-0000 转 656251,白塘壹号预计6月份左右加推别墅房源,在售,价格待定往期35000元/㎡
[请选择]姑苏西园路与桐泾北路交汇处往西100米,123~382平米,"普通住宅,豪华居住区",泰禾华发姑苏院子,400-890-0000 转 838267,3居/4居/5居,在售,530万元/套起
[请选择]吴江盛泽经济开发区镇政府西盛南线与永平路交叉处向西100米,94~128平米,"普通住宅,经济住宅",新城十里锦绣,400-890-0000 转 845708,3居/4居,在售,9750元/㎡起
[请选择]新区稼先路、科研路交汇处(致远国际商务大厦旁50米),,"商住楼,品牌地产,复合地产",绿地中央广场,400-890-0000 转 629664,绿地中央广场价格待定,在售,价格待定往期18000元/㎡
[请选择]新区阳山东路与旺家府街交汇处(秦馀广场南侧500米处),214~256平米,"别墅,山景地产",仰山墅,400-890-0000 转 829287,4居,在售,18000元/㎡起
[请选择]姑苏阊胥路与景德路交汇处,260~580平米,"别墅,品牌地产,低密居所",当代蘇洲府MOMΛ,400-890-0000 转 842080,4居/5居,在售,1200万元/套起
[请选择]吴中临湖镇前青街299号(吴中大道西),85~110平米,"独栋, 联排,品牌地产",合景泰富未名园映月台,400-890-0000 转 862193,3居/4居,在售,17000元/㎡起
[请选择]新区虎疁路与北津西路交汇处,76~121平米,"普通住宅,品牌地产",苏悦湾,400-890-0000 转 873084,2居/3居/4居,在售,21000元/㎡起
姑苏金筑街与虎池路交汇处(美佳超市附近),37~68平米,"普通住宅,复合地产",星光耀广场,400-890-0000 转 806652,1居/2居,在售,13500元/㎡
[中环]吴江运东大道以东、湖心西路以南,135~153平米,"普通住宅, 叠拼",新希望锦麟府,400-890-0000 转 891334,4居/5居,在售,23000元/㎡
[请选择]吴江百盛路与莺脰湖路的交叉口(湿地公园对面),95~130平米,"普通住宅, 叠拼,品牌地产",当代ΜΟΜΛ大湖上品,400-890-0000 转 882623,3居/4居,在售,价格待定
"[请选择]相城华元路北,澄和路西",,"普通住宅, 商住公寓,品牌地产,复合地产",绿地都会商业中心,400-890-0000 转 816156,绿地都会商业中心公寓在售面积50㎡、60㎡、67㎡,在售,12000元/㎡起
[请选择]吴江中山北路1355号(中山北路与柳胥路交汇处),86~112平米,"普通住宅,经济住宅",K2海棠湾,400-890-0000 转 801314,3居,在售,21000元/㎡起
[中环]园区亭青街与唯观路交汇处,,"普通住宅,品牌地产",云栖安缦,400-890-0000 转 899396,云栖安缦价格待定,在售,价格待定
相城太东路与相融路交界处(地铁二号线骑河站旁),80~146平米,"普通住宅,地铁沿线,湖景地产",环秀湖花园,400-890-0000 转 813444,2居/3居/4居,在售,331万元/套起
[中环]吴江太湖新城东太湖大道11888号,54~194平米,"标准写字楼,品牌地产",苏州绿地中心,400-890-0000 转 840594,1居/5居以上,在售,12000元/㎡
"[中环以外]吴中茅蓬路南侧,孙武路西侧",94~165平米,"普通住宅,品牌地产",旭辉公元系弘庭,400-890-0000 转 899801,3居/4居,在售,价格待定
[中环以外]吴中太湖度假区伍相路8号(度假区小学东约200米),86~130平米,"普通住宅,品牌地产",太湖相王府橘郡,400-890-0000 转 889951,3居/4居,在售,15800元/㎡起
[请选择]吴中苏福路与塔园路交叉口,97~170平米,"普通住宅,品牌地产",水岸四季花园,400-890-0000 转 842142,3居/4居,在售,400万元/套
[请选择]新区桑苑路981号,83~131平米,"普通住宅,复合地产",陆家嘴锦绣澜山,400-890-0000 转 866050,2居/3居,在售,价格待定往期18000元/㎡
[请选择]吴中金枫路与花苑东路交汇处(金枫路西侧),,"普通住宅,宜居生态地产",蓝光和雍锦园,,4居/5居/5居以上,在售,
[请选择]吴江高新区(黎里镇)北京路1号,89~116平米,"普通住宅,小户型",云溪四季庭,400-890-0000 转 869180,3居/4居,在售,22000元/㎡
[中环]姑苏虎丘路北玖园东,,"别墅,品牌地产",银城原溪,400-890-0000 转 899804,银城原溪具体开盘时间待定,在售,价格待定周边35916元/㎡
[请选择]新区真北路与中唐路交汇处,92~125平米,"普通住宅,品牌地产",新澎湃国际社区,400-890-0000 转 878487,3居/4居,在售,183万元/套起
[请选择]吴中木渎镇金枫路980号(苏福路与金枫路交界处),,"普通住宅,品牌地产,宜居生态地产",苏高新大成珺,,苏高新大成珺已售罄,在售,
[请选择]新区浒墅关大道与名蓝街交汇处,89~115平米,"普通住宅,品牌地产",弘阳上熙名苑,400-890-0000 转 879061,3居/4居,在售,22000元/㎡起
[请选择]新区竹园路与金枫路交汇处,56~123平米,"商住楼,科技住宅",狮山当代ΜΟΜΛ,400-890-0000 转 812912,1居/2居/3居,在售,21000元/㎡起
[请选择]吴中太湖西路188号(太湖西路与龙西路交汇处),99~160平米,"普通住宅, 花园洋房,品牌地产",如苑,400-890-0000 转 820701,3居/4居,在售,28000元/㎡
[请选择]相城翡翠路与珍珠湖路交汇处,130~260平米,"别墅,品牌地产,经济住宅,宜居生态地产",国展和昌芳草庭,400-890-0000 转 845195,4居,在售,17000元/㎡
"[请选择]相城钓鱼台路1号(盛泽湖北、环湖西路东,盛泽湖度假区)",75~550平米,"别墅,水景地产,低密居所",中赫玫瑰园,400-890-0000 转 656273,2居/3居/4居/5居,在售,23000元/㎡起
[请选择]相城阳澄湖镇湘洲路顺贤路交汇处,113~279平米,"别墅,湖景地产",燕回江南院,400-890-0000 转 832035,3居/4居/5居,在售,260万元/套起
[请选择]吴江盛泽镇西二环路(舜湖实验小学西面),112~188平米,"普通住宅,湖景地产",立新苏杭之星,400-890-0000 转 808465,3居/4居,在售,13000元/㎡起
[请选择]相城太东路与相融路交界处(地铁二号线骑河站旁),89~128平米,"普通住宅,地铁沿线,湖景地产",二号线的公园,400-890-0000 转 818029,2居/3居,在售,21000元/㎡起
[请选择]吴中金山南路与向阳河路交汇处(天平大酒店北侧),125~226平米,"大平层,品牌地产",天地源金兰尚院,400-890-0000 转 843205,3居/4居/5居,在售,23000元/㎡
[中环以外]吴江汾湖东港路与芦莘大道交汇处,89~113平米,"普通住宅, 花园洋房,品牌地产",龙光玖誉湾花园,400-890-0000 转 883751,3居/4居,在售,19129元/㎡起
[请选择]姑苏北园路158号(拙政园向北约400米),135~470平米,"别墅,水景地产",晋府水巷别墅,400-890-0000 转 819799,3居/4居,在售,32000元/㎡
[请选择]相城华元路与西环延伸段交界处(虎丘湿地公园北1000米),210平米,"普通住宅,品牌地产,宜居生态地产",招商公园1872,400-890-0000 转 834942,4居,在售,19500元/㎡起
[中环以外]吴江高新区政府北侧,98~129平米,"独栋, 普通住宅,品牌地产",碧桂园观澜天境花园,400-890-0000 转 898144,3居,在售,价格待定
[请选择]吴中东吴南路与吴中大道交汇处,99~156平米,"普通住宅,品牌地产",吴风生活广场,400-890-0000 转 884310,3居/4居,在售,25500元/㎡
吴江江陵西路1888号(仲英大道与江陵西路交汇处),146平米,"普通住宅, 花园洋房,地铁沿线,花园洋房",新湖明珠城,400-890-0000 转 1283,4居/5居,在售,价格待定往期400万元/套
[请选择]新区安杨路99号(新区永旺梦乐城对面),128~172平米,"普通住宅,品牌地产",璞玉风华苑,400-890-0000 转 874604,4居,在售,30000元/㎡起
[请选择]吴中甪直大道与甫澄北路交汇处,,普通住宅,姑苏正弘府,400-890-0000 转 840439,姑苏正弘府2019年12月底交房,在售,20000元/㎡起
[请选择]吴江盛泽市场西路与广州路交汇处(新镇政府旁),275平米,"普通住宅,宜居生态地产",碧桂园天誉,400-890-0000 转 831189,4居,在售,11000元/㎡
[请选择]新区狮山路、滨河路交汇处(滨河路西侧500米),51~68平米,商住楼,花样年CEO公寓,400-890-0000 转 808430,1居,在售,21000元/㎡起
[内环]姑苏干将东路北、仓街东,,"别墅,品牌地产",耦前别墅,400-890-0000 转 802160,耦前别墅价格待定,在售,价格待定
[请选择]相城相城大道和嘉元路交叉东南角(苏常加油站南),50~65平米,酒店式公寓,天虹品上中心,400-890-0000 转 827504,1居/2居,在售,13500元/㎡
"[请选择]相城润元路389号(润元路齐门北大街交汇处,轻轨2号线陆慕站出口)",45平米,"商住公寓,小户型",永金公寓,400-890-0000 转 818565,2居,在售,17500元/㎡
[中环以外]吴江汾湖经济技术开发区新友路与越秀路交汇口,,普通住宅,光樾华庭,400-890-0000 转 825098,光樾华庭具体开盘时间待定,在售,价格待定
[请选择]吴江东太湖大道与水秀街交汇处,,"标准写字楼,品牌地产",圣美财智汇商务大厦,400-890-0000 转 825966,圣美财智汇商务大厦近期加推3层酒店式公寓与写字楼,在售,价格待定往期12000元/㎡
[请选择]园区独墅湖北高和路南(高尔夫花园公交站南500米),750平米,"别墅,水景地产,特色别墅,低密居所",融创苏州桃花源,400-890-0000 转 657468,5居以上,在售,5500万元/套起
[请选择]新区风桅路与惠昌路交叉路口,93~130平米,"普通住宅,品牌地产",越秀江南悦府,400-890-0000 转 874124,3居/4居,在售,25000元/㎡
园区星港街199号(苏雅路与星阳街交界处),90~383平米,"商住楼,豪华居住区,国际化社区,酒店式公寓",东方之门,400-890-0000 转 661793,1居/2居/3居/4居/5居/5居以上,在售,45000元/㎡起
[请选择]吴中环太湖大道与烟波路交汇处,194~307平米,"别墅,品牌地产",花样年碧螺湾,400-890-0000 转 880969,4居/5居,在售,495万元/套起
[请选择]相城庆元路与澄和路交汇处(相城游泳馆东边10米处),85~161平米,"普通住宅,地铁沿线",万宇名都花园,400-890-0000 转 625111,2居/3居/4居,在售,21500元/㎡
[请选择]吴江长安路与芦荡路交叉口(长安中心河东),126~136平米,"普通住宅,品牌地产",招商雍雅苑,400-890-0000 转 824910,3居/4居,在售,18000元/㎡
[请选择]姑苏北园路与大唐家巷交汇处(拙政园东),246~556平米,"别墅,低密居所",北园府,400-890-0000 转 844534,4居/5居,在售,34700元/㎡
[请选择]相城澄阳路和新燕大道交汇处,94~138平米,"普通住宅,品牌地产",璞悦,400-890-0000 转 878841,3居/4居,在售,20000元/㎡起
[中环]相城南天成路南、修远路西,99~154平米,"住宅型公寓,品牌地产,不限购",朗诗蔚蓝广场,400-890-0000 转 894445,2居/3居,在售,16000元/㎡起
[请选择]吴江洋砂路9号,105~115平米,普通住宅,上湖名著,400-890-0000 转 884575,3居/4居,在售,24000元/㎡
[请选择]相城春秋路与方桥路交汇处,98~142平米,"普通住宅,品牌地产",苏州恒大悦珑湾,400-890-0000 转 839283,3居/4居,在售,26000元/㎡起
[请选择]相城御窑路1699号(轨交4号线龙道浜站向南800米),105~290平米,"普通住宅,科技住宅",中粮天悦,400-890-0000 转 873127,3居/4居,在售,28000元/㎡起
[请选择]相城人民路延伸段与阳澄湖西路交叉口,36平米,"商住楼,豪华居住区,酒店式公寓",合景峰汇商务广场,400-890-0000 转 813730,1居,在售,47万元/套起
[请选择]吴江平东路与百盛路,100~112平米,"普通住宅,品牌地产",中骏云景台,400-890-0000 转 882891,3居,在售,14000元/㎡
[请选择]吴中环太湖大道与山水路交汇处(东山游客集散中心西100米),56平米,"别墅,品牌地产,酒店式公寓",和昌紫竹云山墅,400-890-0000 转 833705,1居,在售,13000元/㎡起
[请选择]新区浒莲路69号,98~151平米,"普通住宅, 花园洋房",楠香雅苑,400-890-0000 转 858674,2居/3居,在售,24000元/㎡起
[请选择]相城虎丘湿地公园北华元路与通湖路路口,235~268平米,"别墅,品牌地产",九龙仓逅湾花园,400-890-0000 转 872201,3居/4居,在售,28688元/㎡
[请选择]新区真山路南侧规划路东侧,108平米,"普通住宅, 花园洋房,品牌地产",金地浅山风华,400-890-0000 转 883222,4居,在售,20000元/㎡
[请选择]吴中石湖东路与枫津路交汇口(姑苏锦江大酒店西侧50米),52平米,"普通住宅,品牌地产,景观居所,宜居生态地产",天誉生活广场,400-890-0000 转 614975,2居,在售,13000元/㎡起
[请选择]新区塔园路与何山路交汇处(枫桥大厦对面),60平米,"普通住宅,复合地产",津西新天地,400-890-0000 转 622238,1居/3居,在售,16500元/㎡起
[请选择]吴中太湖西路199号(龙西路与太湖西路交叉口),143~192平米,"普通住宅,湖景地产",颐和湾花园,400-890-0000 转 805169,2居/4居/5居,在售,29000元/㎡起
[请选择]姑苏人民路西泰华东,378~737平米,别墅,天房吴侬里,400-890-0000 转 880474,4居/5居,在售,35800元/㎡
[请选择]相城澄阳路与泰元路交汇处(恒励西子花园东50米),109~233平米,"普通住宅,特色别墅",当代万国墅ΜΟΜΛ,400-890-0000 转 834353,3居/4居/5居/5居以上,在售,25500元/㎡
[请选择]新区嵩山路与石林路间交界处(大阳山湿地公园东侧200米),300~360平米,"普通住宅,复合地产",长成锦溪禾府,400-890-0000 转 696528,4居,在售,19000元/㎡
[请选择]吴江八都铜七线与贯南一路交汇处,98~147平米,"普通住宅, 住宅底商,花园洋房",富都花园,400-890-0000 转 841511,3居/4居,在售,8000元/㎡起
[请选择]姑苏人民路北延线与平泷路交叉口西南侧(苏大附属第一医院北侧),41~102平米,"购物中心,复合地产",苏州城市生活广场,400-890-0000 转 811976,1居/2居,在售,15000元/㎡起
[中环]吴中临湖实验小学北侧,,"普通住宅,品牌地产",奥园观湖悦府,400-890-0000 转 822735,奥园观湖悦府预将于6月16日举办产品发布会,在售,价格待定
[中环]吴中金枫南路888号,,普通住宅,雅礼苑,400-890-0000 转 890058,雅礼苑具体开盘时间信息待定,在售,价格待定
[请选择]吴江中山南路与文苑路交叉口(中国农业银行旁),37~73平米,"购物中心,复合地产,酒店式公寓",金鹰商业中心,400-890-0000 转 624451,1居,在售,10000元/㎡
[请选择]吴中东山大道与腾飞路交接处(近新市街),,"酒店式公寓,湖景地产",太湖悦达广场,400-890-0000 转 649239,太湖悦达广场预计后期加推3.5米挑高公寓,在售,9000元/㎡
[请选择]相城阳澄湖东路168号(中兴高尔夫球场内),457~680平米,"普通住宅,水景地产",银丽高尔夫别墅,400-890-0000 转 657205,4居/5居以上,在售,1970万元/套起
[请选择]吴中友新路99号(友新路与石湖西路交汇处往南300米),97~794平米,"普通住宅, 大平层,豪华居住区",世茂石湖湾,400-890-0000 转 843392,2居/3居/4居/5居/5居以上,在售,1700万元/套起
吴中国家旅游区环太湖大道138号(蒯祥公园西侧500米),93~300平米,"别墅,宜居生态地产,打折优惠楼盘",太湖上景花园,400-890-0000 转 658435,2居/3居/4居/5居/5居以上,在售,450万元/套起
[请选择]园区亭盛街、唯观路交汇处(临时售楼处:园区久光百货展厅),193~320平米,"别墅,品牌地产,低密居所",万科大家,400-890-0000 转 839275,2居/3居,在售,1800万元/套
[请选择]吴中伍相路与香山南路交汇处,,"普通住宅,湖景地产",花样年别样城,400-890-0000 转 867648,花样年别样城价格待定,在售,价格待定往期15000元/㎡
[请选择]新区桑园路与北津东路交叉口(浒墅关中心小学往南200米),100~147平米,"普通住宅,品牌地产",运河与岸,400-890-0000 转 881396,3居/4居,在售,23000元/㎡
[请选择]吴江张园东路1777号(大阳湖花园东侧100米处),,"别墅,湖景地产",碧桂园十里江南,,碧桂园十里江南已售完,在售,
[请选择]吴江长安路和云龙西路交汇处,,普通住宅,华润悦府东,,华润悦府东已售完,售完,
[请选择]相城漕湖湾广济北路与凤北荡路交汇处界处(大圩娄路北),150平米,"普通住宅, 商住公寓,宜居生态地产",东渡湖韵青城花园,400-890-0000 转 806118,4居,售完,17000元/㎡
[中环以外]相城顺贤路与湘洲路交汇处,,"联排, 普通住宅,品牌地产",天曦,400-890-0000 转 886380,天曦价格待定,售完,价格待定
[请选择]新区科技城中心区龙山路与科研路交界处(诺贝尔湖附近),259~441平米,"别墅,特色别墅,豪华居住区",悦瀜庄,400-890-0000 转 658088,4居/5居,售完,780万元/套起
[请选择]新区建林路和华山路延伸段(白马涧龙池景区北),420~518平米,"别墅,山景地产,豪华居住区,低密居所",见山独栋,400-890-0000 转 661429,5居/5居以上,售完,1000万元/套起
[请选择]吴江汾湖高新区重庆路与北京路交汇处,90~150平米,"普通住宅, 叠拼,特色别墅",湖悦天境花园,400-890-0000 转 813936,2居/3居/4居,售完,25000元/㎡
[请选择]相城苏虞张公路与漕湖大道交汇处往西600米,105~138平米,"普通住宅,品牌地产",恒大珺睿庭,400-890-0000 转 825493,3居/4居,售完,28500元/㎡
[请选择]相城青龙港路58号,,"酒店式公寓,地铁沿线",隽荟SOHO,400-890-0000 转 838760,隽荟SOHO目前酒店式公寓在售面积68-113㎡,售完,13000元/㎡
[请选择]吴江盛泽市场西路599号(舜湖西路与利国路交汇处),141~179平米,"普通住宅,湖景地产",立新天鸿国际花园,400-890-0000 转 809688,4居/5居,售完,10000元/㎡
[请选择]新区锦峰路与科新路交汇处(太湖大道北侧),,"商住公寓,loft",立德绿筑空间,400-890-0000 转 648192,立德绿筑空间目前在售装修公寓面积约52-58㎡,售完,10000元/㎡
[请选择]吴江鲈乡南路与木家圩路交汇处,,"住宅底商,地铁沿线",香槟街,400-890-0000 转 807234,香槟街55万元/套起,售完,55万元/套起
[请选择]吴中邵昂路与兴昂路交汇处往西100米(招商小石城北侧),,"市场类商铺,打折优惠楼盘",欧蓓莎中华美食城,400-890-0000 转 678568,欧蓓莎中华美食城在售商铺建筑面积为30-40㎡,售完,17000元/㎡起
[中环]相城安元路888号,,"普通住宅,品牌地产",海玥名都,400-890-0000 转 849955,海玥名都6月已经开盘,售完,28000元/㎡
[中环]新区桑园路与北津东路交叉口,89~145平米,"普通住宅,品牌地产",洛克公园,400-890-0000 转 878900,3居/4居,售完,22000元/㎡起
[请选择]吴中北溪江路与溪秀路交界处(近溪江会所),157~355平米,"普通住宅, 大平层,湖景地产,科技住宅",石湖天玺,400-890-0000 转 628586,2居/3居/4居/5居,售完,17000元/㎡起
[请选择]吴中太湖度假区香山实验小学北侧,112~150平米,"联排, 普通住宅,湖景地产",北辰观澜府,400-890-0000 转 858663,3居/4居,售完,18363元/㎡
[中环以外]常熟滨江碧浒路与龙腾南路交汇处(滨江实验中学西侧),88~140平米,"普通住宅,品牌地产,小户型",铂珺花园,400-890-0000 转 839781,3居/4居,售完,13000元/㎡起
[中环]相城文灵路东黄蠡路南,106~168平米,"普通住宅,品牌地产",四季和鸣雅园,400-890-0000 转 897586,3居/4居,售完,价格待定
[请选择]吴江南环路与中心大道交汇处(禧云龙酒店对面),107~175平米,"普通住宅,品牌地产,湖景地产",悦棠湾花苑,400-890-0000 转 840441,3居/4居,售完,10000元/㎡
[请选择]吴中友新高架主路与天鹅荡路交汇处(永旺超市对面),111~118平米,"普通住宅,地铁沿线",歌林小镇,400-890-0000 转 836750,3居,售完,价格待定往期23000元/㎡
[请选择]吴中太湖度假区香山南路与承祖路交汇处(湿地公园北面约1公里),60~195平米,"普通住宅,品牌地产",中旅水泊堂前,400-890-0000 转 834697,2居/3居/4居,在售,550万元/套起
[请选择]新区兴贤路南、树山路东(树山休闲广场南200米),,"别墅,特色别墅",泉山雅院,400-890-0000 转 839073,泉山雅院公寓价格13000-16000元/㎡,在售,13000元/㎡起
[中环]新区旺家府街与凤凰峰路交汇处,,"普通住宅, 花园洋房,花园洋房",翡翠四季,400-890-0000 转 838856,翡翠四季已清盘,在售,28000元/㎡
[请选择]吴江高新区城司路与洋砂路交汇处(城司路江苏银行东侧),55~64平米,"普通住宅,地铁沿线,配套商品房",嘉乐城,400-890-0000 转 648845,2居,在售,13500元/㎡
[请选择]吴江运东大道199号,,"普通住宅, 住宅底商,小户型",敏华聚珑阁,400-890-0000 转 842968,敏华聚珑阁在售高层装修准现房均价14800元/㎡,在售,12000元/㎡
[请选择]吴江江陵东路8号(江陵东路与庞北路交汇处),55~85平米,"酒店式公寓,品牌地产,低总价,小户型",格林悦城2期,400-890-0000 转 830576,2居/3居,在售,13500元/㎡
[请选择]吴江双泽路600号(沈家坝北400米),386平米,"别墅,旅游地产",太阳岛花苑,400-890-0000 转 825002,4居,在售,8800元/㎡起
[请选择]吴中临湖镇腾飞路168号(腾飞路与环镇路交叉口),330~366平米,"别墅,中式地产,打折优惠楼盘",庄子,400-890-0000 转 662401,5居,在售,380万元/套
[中环]相城富元路2011号,,"商住楼,地铁沿线",翡丽风尚,400-890-0000 转 893232,翡丽风尚价格13000元/㎡,在售,13000元/㎡
[请选择]相城阳澄湖镇湘太路99号(阳澄湖镇苏嘉杭高速出口处),266~475平米,"别墅,中式地产,打折优惠楼盘",和沁园,400-890-0000 转 674453,3居/4居/5居,在售,480万元/套起
[请选择]吴中明清街188号(木渎西街与新姜窑路交叉口),414~439平米,"别墅,特色别墅",合润御府,400-890-0000 转 831600,4居,在售,800万元/套
[请选择]吴中东吴北路170号(人民路与南环交汇处向南200米),49~80平米,"酒店式公寓,地铁沿线",克拉公馆,400-890-0000 转 831997,1居/2居,在售,22000元/㎡起
[请选择]吴中环太湖大道与山水路交汇处(东山游客集散中心西100米),56~59平米,酒店式公寓,紫竹云山坊,400-890-0000 转 847810,1居,在售,13000元/㎡起
[请选择]吴中东湖路与兴吴路交叉口(清树湾地铁口南),,"商住楼,品牌地产",新城吾悦邻里广场,400-890-0000 转 881963,新城吾悦邻里广场预计7月底开盘,在售,价格待定
[请选择]相城黄埭镇新行政中心对面(春丰路与康阳路交汇处),89~208平米,"普通住宅,经济住宅",泰峰名人金谷园,400-890-0000 转 670933,3居/4居/5居以上,在售,18000元/㎡
[请选择]吴江汾湖经济开发区南京路369号,,"购物中心,现房",汾湖新天地,400-890-0000 转 833141,汾湖新天地目前在售商铺房源,在售,17000元/㎡起
[请选择]新区长江路436号(长江路与邓尉路交叉口处),,"购物中心,品牌地产",绿宝广场步行街,400-890-0000 转 618849,绿宝广场步行街在售20000元/平起的商铺房源,在售,20000元/㎡起
[请选择]吴江甘溪路与北京路交叉口西南角,,"商住楼,不限购",金水岸商务广场,400-890-0000 转 879195,金水岸商务广场在售价格12000-15000元/㎡,在售,12000元/㎡起
[请选择]新区镇湖刺绣艺术馆西(生态城管委会对面),245~340平米,"别墅,特色别墅",永新太湖苏里,400-890-0000 转 657412,4居/5居以上,在售,16000元/㎡起
[请选择]吴江太湖新城松陵大道和开平路交汇处(地铁4号线松陵大道站),,"普通住宅,经济住宅",万象汇花园,,万象汇花园已售完,在售,
[内环]姑苏西园路与西环高架交汇处往西500米(靠大运河),148~466平米,"普通住宅,品牌地产",绿都蘇和雅集,400-890-0000 转 883748,3居/5居以上,待售,630万元/套
[中环以外]吴江黄沙路与同安东路交叉口向北100米,,"别墅,品牌地产",太湖新城天玺,400-890-0000 转 863578,4居,待售,价格待定往期180万元/套
[请选择]吴江兴吴路与枫津路交汇处东侧(南师大附小对面),,"普通住宅,地铁沿线",新城招商香溪源,,新城招商香溪源已售完,待售,
[中环以外]吴中太湖度假区天镜路与后塘路交汇处,,"普通住宅,品牌地产",新力云语铂园,400-890-0000 转 824604,新力云语铂园价格待定,待售,价格待定
[请选择]吴中吴郡与君益街交汇处(永旺梦乐城东100米处),,"普通住宅,湖景地产",太湖颐景,,太湖颐景价格待定,待售,
[请选择]新区玉山路40-55号(淮海街与玉山路交汇处),63~65平米,"普通住宅, 住宅型公寓,科技住宅",新创玉山广场,400-890-0000 转 649443,2居,待售,22000元/㎡起
[请选择]吴中太湖胥口旅游专线路899号(太湖公园北侧800米处),83~116平米,"普通住宅,复合地产",太湖水云天,400-890-0000 转 658062,2居/3居,待售,价格待定往期20000元/㎡
[请选择]新区鸿禧路26号(大白荡公园西面),330~476平米,"别墅,特色别墅,宜居生态地产",冠城大通珑湾,400-890-0000 转 626551,5居/5居以上,待售,15000元/㎡起
[请选择]吴中苏州市吴中大道南侧邵昂路86号,50~106平米,"市场类商铺,品牌地产",国风华苑,400-890-0000 转 806864,1居/2居,待售,11000元/㎡起
[请选择]吴中金庭镇(西山岛)石公路99号(樟坞站公交站台附近),,"别墅,低密居所",涵园,400-890-0000 转 669678,涵园在售建筑面积为140㎡、630㎡的别墅,待售,380万元/套起
[请选择]吴江通运北路297号,127~145平米,"普通住宅,品牌地产",望月湾雅舍,400-890-0000 转 881309,4居,待售,14500元/㎡
[请选择]园区旺敦路与思安街交汇处(园区管委会附近),,"商住楼,现房,复合地产,酒店式公寓",丰隆城市生活广场写字楼,400-890-0000 转 894288,丰隆城市中心写字楼租金均价约110元/平·月,待售,95元/平方米.月起
[请选择]吴江东太湖大道11888号(苏州湾阅湖台东300米),268~336平米,"商住公寓,湖景地产,旅游地产",云玺湖滨商务广场,400-890-0000 转 844192,5居,待售,27000元/㎡起
[请选择]吴中先锋路与苏蠡路交汇处,62~72平米,"酒店式公寓,品牌地产,低总价,地铁沿线",中海先锋时代,400-890-0000 转 846110,2居,待售,20000元/㎡
[请选择]吴中甪直镇鸣市路35号,83~132平米,"普通住宅,现房,经济住宅",泓润新城华府,400-890-0000 转 833949,2居/3居,待售,21000元/㎡起
[请选择]吴中太湖旅游度假区环太湖大道北侧、梅舍路西侧(太湖旅游度假区内),295平米,"别墅,景观居所,低密居所",恒润太湖壹号,400-890-0000 转 628954,4居,待售,800万元/套起
[请选择]新区长江路与狮山路交汇处(金鹰北约20米),62~161平米,"酒店写字楼,品牌地产",狮山中心,400-890-0000 转 812031,1居/2居,待售,价格待定周边23833元/㎡
[中环以外]吴江万宝路与七都大道交汇处,,"普通住宅, 花园洋房,品牌地产",达西庄园,400-890-0000 转 890417,达西庄园备案价13000-14000元/平左右,待售,13000元/㎡起
[中环]园区亭隆路与唯正路交汇处(唯亭科技创业大厦正西),,购物中心,联合广场,400-890-0000 转 803103,联合广场在售一楼商铺价格30000元/㎡,待售,13000元/㎡起
[请选择]姑苏新市路298号(田家炳实验中学对面),,"别墅,旅游地产",庆园,400-890-0000 转 817119,庆园在售价格为：1200万元/套起,待售,1200万元/套起
[请选择]相城南京师范大学苏州高铁新城实验学校往北5分钟车程,47~100平米,"住宅底商,loft,酒店式公寓",金艺百汇广场,400-890-0000 转 668481,2居/3居/4居,在售,15000元/㎡起
[请选择]相城嘉元路与齐门北大街交汇处(往东50米中翔时尚广场一楼),,"市场类商铺,地铁沿线",中翔广场时尚mall,400-890-0000 转 644109,中翔广场时尚mall案场1楼商铺在售均价约38000元/㎡,在售,17000元/㎡起
[请选择]新区新丰路与星宇路交汇处(大白荡公园南),,"住宅底商,中式地产",旭辉百合商业广场,400-890-0000 转 812331,旭辉百合商业广场尾盘在售建筑面积95㎡-105㎡,在售,10000元/㎡
[请选择]相城高铁新城城通路与青龙港路交汇处,,"标准写字楼,地铁沿线,loft",领寓商务广场,400-890-0000 转 803895,领寓商务广场项目暂停销售，详情请咨询案场,在售,价格待定往期12800元/㎡
[请选择]园区复兴街与双圩路交叉口(时尚舞台商城西侧),50~100平米,"商住公寓,酒店式公寓",悦东区,400-890-0000 转 836957,2居/3居,在售,16000元/㎡起
[请选择]吴中环湖大道68号(国家旅游度假区),41~103平米,"商住楼,酒店式公寓,打折优惠楼盘",苏州太湖城仕高尔夫酒店公寓,400-890-0000 转 655930,1居/2居,在售,18000元/㎡起
[请选择]园区方洲路南、钟南街东(儿童医院北侧),,"普通住宅,豪华居住区",苏州唐宁府,,苏州唐宁府已售完,在售,
[请选择]吴江澜溪二路与绸都大道交汇处,231平米,"别墅,品牌地产,特色别墅",禹洲雍泽府,400-890-0000 转 867318,4居,在售,21000元/㎡
[请选择]新区何山路与金枫路交界处(中环西线100米),,"普通住宅,小户型",金地名悦,,3居,在售,
[中环]吴中东方大道与郭渔路交叉口(独墅湖生态公园北约500米),280~360平米,"普通住宅, 花园洋房,品牌地产,湖景地产",国领花园,400-890-0000 转 805753,5居以上,在售,1400万元/套起
[请选择]吴中环湖路399号(尹山湖运动公园北),290~340平米,"普通住宅, 大平层,水景地产",常青藤花园,400-890-0000 转 645469,4居/5居,在售,990万元/套
[请选择]吴江高新路吴江中学正对面,,"普通住宅,品牌地产,地铁沿线,景观居所",北极星尚雅苑,,北极星尚雅苑已售完,在售,
[请选择]吴中长江路与苏福路(南环延长线)交汇处(1号线玉山路站南),55平米,"普通住宅,复合地产",红星国际生活广场,400-890-0000 转 625501,1居,在售,15000元/㎡起
[中环]吴江康桥路88号,,"普通住宅,品牌地产",豪门府邸,400-890-0000 转 899640,豪门府邸价格待定,在售,价格待定
[请选择]吴中太湖新城东太湖路和永旺路交汇处(吴郡路侧),128~191平米,"普通住宅, 商住公寓,湖景地产",苏州湾湖畔花园,,4居,在售,
[请选择]吴中石湖路友新路交叉口处,,"购物中心,品牌地产",苏州吴中万达广场,400-890-0000 转 660610,苏州吴中万达广场在售均价18000元/㎡的复式房源,在售,18000元/㎡
[请选择]新区科技城天佑路与科业路交汇处往西100米,,"普通住宅,科技住宅",中航樾玺,,中航樾玺已售完,在售,
"[请选择]吴中东欣路以西,腾胥路以北 (新胥东路与采香街交汇处)",,"普通住宅,景观居所,宜居生态地产",澳海胥江湾,400-890-0000 转 690702,澳海胥江湾住宅已售完,在售,价格待定往期190万元/套
[请选择]吴中金庭镇金庭7路(金庭人民医院西北2000米),338~443平米,"别墅,特色别墅",太湖华府,400-890-0000 转 807148,5居/5居以上,在售,13000元/㎡起
[请选择]甘虞路与蘅芳路交叉口东北侧,99~117平米,"普通住宅,花园洋房,景观居所",中洲花溪樾,400-890-0000 转 846791,3居/4居,在售,12500元/㎡起
[请选择]相城嘉元路818号(采莲路与嘉元路口),50~95平米,"酒店式公寓,小户型,地铁沿线",NEO101臻邸,400-890-0000 转 807343,1居/2居,在售,17000元/㎡起
[请选择]姑苏人民路泰华东楼南侧,420平米,"别墅,品牌地产",名雅里,400-890-0000 转 846997,4居,在售,1600万元/套起
[请选择]吴江开平路与风清路交汇处,55~93平米,"酒店写字楼,酒店式公寓",金奥诺阁雅社区,400-890-0000 转 844652,1居,在售,13000元/㎡起
[内环]姑苏横塘东街与解放西路交汇处,,"别墅,品牌地产",华发公馆,400-890-0000 转 814648,华发公馆具体开盘时间待定,在售,价格待定
[中环]吴中梧桐街9号(兴昂路与梧桐街交汇处),50~84平米,"商用公寓,酒店式公寓",和城养老有伴社区,400-890-0000 转 875473,1居/2居,在售,16000元/㎡
[请选择]相城阳澄湖东路与东环路北沿段交叉口北侧(天亚水景苑南),312~469平米,"别墅,豪华居住区,特色别墅,打折优惠楼盘",天鹅湖庄园,400-890-0000 转 664011,4居/5居,在售,1380万元/套
[请选择]姑苏人民路680号(原铁道师范学院内),614平米,"别墅,特色别墅,低密居所",桃坞郡府,400-890-0000 转 664722,4居,在售,1600万元/套起
[请选择]园区旺墩路269号(久光百货对面),,"标准写字楼,现房",圆融中心,400-890-0000 转 810848,圆融中心案场写字楼在售建筑面积约275-350㎡,在售,23000元/㎡
[请选择]园区现代大道与思安街交汇处(圆融天幕北),,酒店式公寓,协鑫广场,400-890-0000 转 831605,协鑫广场项目少量公寓在售均价约40000-43000元/㎡,在售,40000元/㎡起
[请选择]姑苏西大营门57号(平四路首末站旁),399~445平米,"别墅,特色别墅,中式地产",桃坞巷,400-890-0000 转 657606,4居,在售,1280万元/套起
[请选择]吴江西二环路与舜湖西路交汇处(原皇家领誉售楼处),200~360平米,"普通住宅,教育地产",橡逸湾,400-890-0000 转 800897,4居,在售,14000元/㎡起
[请选择]吴中独墅湖西墅岛路南、东方大道东侧(独墅湖岛南端),165~220平米,"别墅,水景地产",保利独墅,400-890-0000 转 833372,4居,在售,3500万元/套
[请选择]园区星湖街阳澄湖大道交汇处,,"标准写字楼,品牌地产,酒店式公寓,宜居生态地产",曼哈顿广场,400-890-0000 转 683034,曼哈顿广场在售写字楼位于3#、8#,在售,12000元/㎡起
[请选择]园区华池街88号(国际博览中心东侧),,"酒店写字楼,水景地产,地铁沿线",晋合广场,400-890-0000 转 662330,晋合广场写字楼在售面积约为800㎡与2000㎡,在售,25000元/㎡
"[请选择]吴中晓南路西侧,甫龙路1号(旺府井商业街东面1000米)",,"别墅,品牌地产,特色别墅",中梁首府壹号院,,中梁首府壹号院已售完,在售,
[请选择]姑苏城北西路与金储街交汇处,48~156平米,"商住楼,小户型",E公馆,400-890-0000 转 868399,2居/3居/4居/5居,在售,11000元/㎡起
[请选择]吴中尧峰山南与吴中大道交汇处(尧南花苑东约500米),,"合院,特色别墅,山景地产",天然居文化坞栖谷坊,400-890-0000 转 859819,天然居文化坞栖谷坊预计2019年上半年交房,在售,700万元/套起
[请选择]吴中木渎镇珠江南路788号(珠江南路、花苑东路交界),,"住宅底商, 写字楼商铺,地铁沿线",东门町,,东门町案场房源已经全部售罄后期无加推,在售,
[请选择]相城春申湖路与御窑路交汇处(相城实验中学正对面),,"市场类商铺,不限购",悦邻中心,400-890-0000 转 649225,悦邻中心10000元/平方米,在售,10000元/㎡起
[请选择]吴江七都镇环湖路1883号(常增路与环湖路交汇处),63~116平米,"购物中心,酒店式公寓",太湖明珠南泊湾,400-890-0000 转 624582,1居/2居,在售,10000元/㎡起
